Tuss,WS
11.98654,12.48649
11.75993,12.28717
11.69615,12.484
11.89319,12.41941
11.95821,12.33807
11.61855,12.4705
,12.45966
,12.31243
,12.39459