Tuss,WS
8.158247743,8.57553767
7.984487228,8.318133289
7.665960256,8.537788778
8.03004191,8.49621803
8.123260239,8.447122792
7.93664219,8.541090336
,8.601345283
,8.379233318
,8.521386324