Tuss,WS
6.977598913,7.754825575
6.905539707,7.735217117
6.995201988,7.642985288
6.721918781,7.44127203
6.932061923,7.664995408
7.043803827,7.763436969