Tuss,WS
56.03536676,12.81761778
58.58929622,12.11374689
59.72247395,14.90119221