Tundra,O2.Accum
Tuss,1.517241379
Tuss,2.052873563
Tuss,3.360887097
WS,1.794957983
WS,2.315789474
WS,3.708603896