tuss.acido,ws.acido,tuss.actino,ws.actino,tuss.alpha,ws.alpha,tuss.beta,ws.beta,tuss.delta,ws.delta,tuss.gamma,ws.gamma,tuss.bacteroi,ws.bacteroi,tuss.chloro,ws.chloro,tuss.firm,ws.firm,tuss.eury,ws.eury,tuss.asco,ws.asco
53.46328398,7.348727057,30.36232423,41.31201895,3.852019939,2.586145648,0.70865263,2.846654825,3.679041738,13.57015986,2.587233093,1.721728834,0.714232572,1.740674956,0.256677331,7.490822972,1.915780076,11.91000592,0.195297969,4.241563055,0.734692359,0.059206631
55.68808793,6.395443073,27.35497068,33.30863454,3.892418284,2.880496446,1.130846911,1.352258782,2.682340061,11.01025772,4.373568434,1.051242272,0.715962949,1.604649547,0.200239135,11.99435015,1.707074636,12.33704587,0.106602129,13.7796096,0.685710993,0.050941255
28.74068633,8.542674516,50.36729982,39.24734316,5.330045125,3.211517165,0.856333298,3.555400128,2.535418197,14.72868217,4.640570889,1.89427056,1.234127401,1.680557984,0.114387659,8.499932001,1.778780565,11.72116337,0.064015112,1.839870995,2.9992654,0.029142624
36.02917259,7.498889876,50.08388831,42.11996744,2.82053038,1.85205743,0.55982606,3.062092954,2.035575491,11.98009177,3.376076424,0.704928952,0.676242489,3.173105388,0.132680488,5.680136175,1.33707692,7.837477798,0.03252812,12.78863233,2.080087655,0.038854352
28.85951192,8.938704028,57.1740922,40.26619965,3.373866828,2.595446585,0.619775636,3.443082312,2.328573591,12.44483363,2.342869637,1.194395797,0.422994769,1.481611208,0.132869132,8.210157618,1.797938006,10.29422067,0.033637755,6.262697023,1.814756883,0.092819615
42.84109193,10.29823825,35.27994751,42.1628796,7.703163061,7.154768522,2.173424537,6.917675353,4.045733598,12.03729963,3.675406506,1.024378623,0.419763961,0.672709328,0.225611894,8.029404091,1.412096752,8.088393779,0.050335721,0.121382628,0.514143439,0.028360427