Tundra,Iron.Oxidation,Iron.Reduction,Siderophore.Transport,Iron.Storage
Tuss,12.69158376,0.053777897,37.10674913,38.50497446
WS,6.850246473,3.858575557,36.95393507,31.53153153