Sample,Iron,Mean,SD
WS-MG,Iron Oxidation,6.850246473,0
WS-MT-T0,Iron Oxidation,5.222519492,0.44199245
WS-MT-T4,Iron Oxidation,5.114751174,1.58428804
WS-MT-T24,Iron Oxidation,3.05647278,0.239473976
WS-MG,Iron Reduction,3.858575557,0
WS-MT-T0,Iron Reduction,22.33181947,1.053735623
WS-MT-T4,Iron Reduction,15.72031631,0.999201568
WS-MT-T24,Iron Reduction,17.52277864,3.994610122